{
    "dogs": [
        {
            "name": "Max",
            "age": 6,
            "gender": "M",
            "acquisition_date": "2025-02-18",
            "acquisition_country": "USA",
            "training_status": "In service",
            "reserved": false,
            "in_service_country": "USA",
            "breed": "German Shepherd",
            "type": "dog",
            "size": "Medium"
        }
    ],
    "monkeys": [
        {
            "name": "George",
            "age": 3,
            "gender": "M",
            "acquisition_date": "2025-02-18",
            "acquisition_country": "USA",
            "training_status": "In service",
            "reserved": true,
            "in_service_country": "USA",
            "breed": "Capuchin Monkey",
            "type": "monkey"
        }
    ]
}